Digest size (bits),Inputs hashed,Collision time (seconds)
8,30,0.000057068
10,47,0.000083447
12,44,0.000074497
14,150,0.000247271
16,221,0.000391115
18,734,0.001324042
20,2754,0.004660008
22,1498,0.002437016
24,2772,0.004586777
26,15558,0.026976633
28,22156,0.036760735
30,19958,0.033239328
32,61848,0.102260738
34,207316,0.366134221
36,290830,0.503582701
38,679698,1.222153641
40,1441563,2.592706440
42,3514792,6.661565037
44,860613,1.515807832
46,15458696,29.506787108
48,14126911,26.011510841
50,46462974,91.617514733
